function	address	size	bucket
func_0039B2DC	0x0039B2DC	0x8	plain
func_00395FE0	0x00395FE0	0x10	plain
func_0039BC70	0x0039BC70	0x10	plain
func_0039BC80	0x0039BC80	0x10	plain
func_003AF160	0x003AF160	0x10	plain
func_003A7FC8	0x003A7FC8	0x18	plain
func_00388E58	0x00388E58	0x1C	plain
func_003883F8	0x003883F8	0x20	plain
func_00388E38	0x00388E38	0x20	plain
func_0038C888	0x0038C888	0x20	plain
func_003C1A40	0x003C1A40	0x20	plain
func_003EB160	0x003EB160	0x20	plain
func_003E1898	0x003E1898	0x24	plain
func_003882E0	0x003882E0	0x28	plain
func_00388318	0x00388318	0x28	plain
func_00388350	0x00388350	0x28	plain
func_00388730	0x00388730	0x28	plain
func_0038DA28	0x0038DA28	0x28	plain
func_00396298	0x00396298	0x28	plain
func_0039BC18	0x0039BC18	0x28	plain
func_003D5814	0x003D5814	0x28	plain
func_003D6BC0	0x003D6BC0	0x28	plain
func_003D6BE8	0x003D6BE8	0x28	plain
func_003D764C	0x003D764C	0x28	plain
func_003D7674	0x003D7674	0x28	plain
func_003D8098	0x003D8098	0x28	plain
func_003D9308	0x003D9308	0x28	plain
func_0038C9D8	0x0038C9D8	0x2C	plain
func_0038EA58	0x0038EA58	0x2C	plain
func_003A5870	0x003A5870	0x2C	plain
func_003A5F58	0x003A5F58	0x2C	plain
func_00399F40	0x00399F40	0x30	plain
func_0039BC40	0x0039BC40	0x30	plain
func_003B8810	0x003B8810	0x30	plain
func_003BB7B8	0x003BB7B8	0x30	plain
func_003C1A60	0x003C1A60	0x30	plain
func_003EA980	0x003EA980	0x30	plain
func_0037E0B8	0x0037E0B8	0x34	plain
func_0038C840	0x0038C840	0x34	plain
func_003BF7E8	0x003BF7E8	0x34	plain
func_0037F550	0x0037F550	0x38	plain
func_00389468	0x00389468	0x38	plain
func_0039B200	0x0039B200	0x38	plain
func_003A3A00	0x003A3A00	0x38	plain
func_003AA080	0x003AA080	0x38	plain
func_003E1C90	0x003E1C90	0x38	plain
func_003E9B48	0x003E9B48	0x38	plain
func_003997F0	0x003997F0	0x3C	plain
func_0039A130	0x0039A130	0x3C	plain
func_003D3DC8	0x003D3DC8	0x3C	plain
func_0039BCC8	0x0039BCC8	0x40	plain
func_003AA290	0x003AA290	0x40	plain
func_003BE3C0	0x003BE3C0	0x40	plain
func_00391E30	0x00391E30	0x44	plain
func_003A00E8	0x003A00E8	0x44	plain
func_003A2DF8	0x003A2DF8	0x44	plain
func_003A5458	0x003A5458	0x44	plain
func_003BE0D0	0x003BE0D0	0x44	plain
func_00389380	0x00389380	0x48	plain
func_003893C8	0x003893C8	0x48	plain
func_003906E8	0x003906E8	0x48	plain
func_0039B198	0x0039B198	0x48	plain
func_0039C1C8	0x0039C1C8	0x48	plain
func_003A30E0	0x003A30E0	0x48	plain
func_003E0E48	0x003E0E48	0x48	plain
func_003E1460	0x003E1460	0x48	plain
func_003E2D90	0x003E2D90	0x48	plain
func_00395958	0x00395958	0x4C	plain
func_00396248	0x00396248	0x4C	plain
func_0039D5A8	0x0039D5A8	0x4C	plain
func_0039D920	0x0039D920	0x4C	plain
func_003A5750	0x003A5750	0x4C	plain
func_003AB9E8	0x003AB9E8	0x4C	plain
func_003AF0D0	0x003AF0D0	0x4C	plain
func_003B8EF8	0x003B8EF8	0x4C	plain
func_003BEBF8	0x003BEBF8	0x4C	plain
func_00382F40	0x00382F40	0x50	plain
func_003958A0	0x003958A0	0x50	plain
func_003A3B00	0x003A3B00	0x50	plain
func_003B11C0	0x003B11C0	0x50	plain
func_003BF5E0	0x003BF5E0	0x50	plain
func_0037DFD8	0x0037DFD8	0x54	plain
func_0038E730	0x0038E730	0x54	plain
func_003B0580	0x003B0580	0x54	plain
func_003B87B8	0x003B87B8	0x54	plain
func_0038E6D0	0x0038E6D0	0x58	plain
func_0039C170	0x0039C170	0x58	plain
func_003AD650	0x003AD650	0x58	plain
func_00385628	0x00385628	0x5C	plain
func_0038C718	0x0038C718	0x5C	plain
func_003A9E00	0x003A9E00	0x5C	plain
func_003ADAE0	0x003ADAE0	0x5C	plain
func_003B6050	0x003B6050	0x5C	plain
func_003BE340	0x003BE340	0x5C	plain
func_003EB6B0	0x003EB6B0	0x5C	plain
func_003A57A0	0x003A57A0	0x60	plain
func_003B1430	0x003B1430	0x60	plain
func_003934E8	0x003934E8	0x64	plain
func_003AD220	0x003AD220	0x64	plain
func_003E91F8	0x003E91F8	0x64	plain
func_003958F0	0x003958F0	0x68	plain
func_003A3220	0x003A3220	0x68	plain
func_003A6280	0x003A6280	0x68	plain
func_003BD428	0x003BD428	0x68	plain
func_003D99D8	0x003D99D8	0x68	plain
func_003E14A8	0x003E14A8	0x68	plain
func_003E18C0	0x003E18C0	0x68	plain
func_0037DF28	0x0037DF28	0x6C	plain
func_003B62E8	0x003B62E8	0x6C	plain
func_003E2ED8	0x003E2ED8	0x6C	plain
func_0039D5F8	0x0039D5F8	0x70	plain
func_003C8CE0	0x003C8CE0	0x70	plain
func_003D3C80	0x003D3C80	0x70	plain
func_003E8718	0x003E8718	0x70	plain
func_0037EAA0	0x0037EAA0	0x78	plain
func_00385908	0x00385908	0x78	plain
func_00389920	0x00389920	0x78	plain
func_003A7618	0x003A7618	0x78	plain
func_003AC0D8	0x003AC0D8	0x78	plain
func_003B6410	0x003B6410	0x78	plain
func_003CCF38	0x003CCF38	0x78	plain
func_0038EA88	0x0038EA88	0x7C	plain
func_0038EC80	0x0038EC80	0x7C	plain
func_003A6888	0x003A6888	0x7C	plain
func_003AB100	0x003AB100	0x7C	plain
func_003D4858	0x003D4858	0x7C	plain
func_003E2FC0	0x003E2FC0	0x7C	plain
func_003E8970	0x003E8970	0x7C	plain
func_00395360	0x00395360	0x80	plain
func_003A3C00	0x003A3C00	0x80	plain
func_003A5D58	0x003A5D58	0x80	plain
func_003AD820	0x003AD820	0x80	plain
func_003ADCB0	0x003ADCB0	0x80	plain
func_003E1150	0x003E1150	0x80	plain
func_003E3B50	0x003E3B50	0x80	plain
func_003EC6E0	0x003EC6E0	0x80	plain
func_00395BC0	0x00395BC0	0x84	plain
func_00396FD0	0x00396FD0	0x84	plain
func_0039BF98	0x0039BF98	0x84	plain
func_003A13B0	0x003A13B0	0x84	plain
func_003AE098	0x003AE098	0x84	plain
func_003AE120	0x003AE120	0x84	plain
func_003AED40	0x003AED40	0x84	plain
func_003DE3A8	0x003DE3A8	0x84	plain
func_003E4890	0x003E4890	0x84	plain
func_003E4918	0x003E4918	0x84	plain
func_003E4DA0	0x003E4DA0	0x84	plain
func_003EA8A8	0x003EA8A8	0x84	plain
func_003EA9B0	0x003EA9B0	0x84	plain
func_00383B08	0x00383B08	0x88	plain
func_0038C8F8	0x0038C8F8	0x88	plain
func_00396F18	0x00396F18	0x88	plain
func_003A32E0	0x003A32E0	0x88	plain
func_003AEDF8	0x003AEDF8	0x88	plain
func_003B2720	0x003B2720	0x88	plain
func_003B46F0	0x003B46F0	0x88	plain
func_003B9B60	0x003B9B60	0x88	plain
func_003E19C8	0x003E19C8	0x88	plain
func_003E7028	0x003E7028	0x88	plain
func_0037E920	0x0037E920	0x8C	plain
func_0038E380	0x0038E380	0x8C	plain
func_0038F310	0x0038F310	0x8C	plain
func_0039D770	0x0039D770	0x8C	plain
func_003A5DF0	0x003A5DF0	0x8C	plain
func_003A6910	0x003A6910	0x8C	plain
func_003A9E60	0x003A9E60	0x8C	plain
func_003B8C70	0x003B8C70	0x8C	plain
func_003E15D8	0x003E15D8	0x8C	plain
func_003E7D68	0x003E7D68	0x8C	plain
func_003EB620	0x003EB620	0x8C	plain
func_0037E4B8	0x0037E4B8	0x90	plain
func_0038C3C0	0x0038C3C0	0x90	plain
func_0039FF28	0x0039FF28	0x90	plain
func_003A44F0	0x003A44F0	0x90	plain
func_003A56C0	0x003A56C0	0x90	plain
func_003B4E78	0x003B4E78	0x90	plain
func_003B8968	0x003B8968	0x90	plain
func_003E0870	0x003E0870	0x90	plain
func_003E12A8	0x003E12A8	0x90	plain
func_003E13D0	0x003E13D0	0x90	plain
func_003E34F0	0x003E34F0	0x90	plain
func_003E6108	0x003E6108	0x90	plain
func_0037E7D8	0x0037E7D8	0x94	plain
func_00396E80	0x00396E80	0x94	plain
func_0039D510	0x0039D510	0x94	plain
func_003ADDD0	0x003ADDD0	0x94	plain
func_003AE1A8	0x003AE1A8	0x94	plain
func_003B7288	0x003B7288	0x94	plain
func_003BD778	0x003BD778	0x94	plain
func_003BE6A8	0x003BE6A8	0x94	plain
func_003BEA80	0x003BEA80	0x94	plain
func_003D3EE0	0x003D3EE0	0x94	plain
func_00393380	0x00393380	0x98	plain
func_00396590	0x00396590	0x98	plain
func_0039B240	0x0039B240	0x98	plain
func_0039C210	0x0039C210	0x98	plain
func_003AAAC8	0x003AAAC8	0x98	plain
func_003BEB58	0x003BEB58	0x98	plain
func_003C0D70	0x003C0D70	0x98	plain
func_003C8C40	0x003C8C40	0x98	plain
func_003DFFD0	0x003DFFD0	0x98	plain
func_003E1338	0x003E1338	0x98	plain
func_003E9C50	0x003E9C50	0x98	plain
func_0039A9E0	0x0039A9E0	0x9C	plain
func_0039B0F8	0x0039B0F8	0x9C	plain
func_003A6790	0x003A6790	0x9C	plain
func_003AB180	0x003AB180	0x9C	plain
func_003ADD30	0x003ADD30	0x9C	plain
func_003B12C8	0x003B12C8	0x9C	plain
func_003B1518	0x003B1518	0x9C	plain
func_003B4220	0x003B4220	0x9C	plain
func_003B51F0	0x003B51F0	0x9C	plain
func_003B60F0	0x003B60F0	0x9C	plain
func_003B6488	0x003B6488	0x9C	plain
func_003C9AE0	0x003C9AE0	0x9C	plain
func_003EB358	0x003EB358	0x9C	plain
func_00396C48	0x00396C48	0xA0	plain
func_0039A640	0x0039A640	0xA0	plain
func_0039C710	0x0039C710	0xA0	plain
func_003A2E40	0x003A2E40	0xA0	plain
func_003AAB88	0x003AAB88	0xA0	plain
func_003D14D0	0x003D14D0	0xA0	plain
func_003D3E40	0x003D3E40	0xA0	plain
func_003E03D8	0x003E03D8	0xA0	plain
func_003E06D0	0x003E06D0	0xA0	plain
func_0037E878	0x0037E878	0xA4	plain
func_0039D6C8	0x0039D6C8	0xA4	plain
func_0039FE80	0x0039FE80	0xA4	plain
func_003A61D0	0x003A61D0	0xA4	plain
func_003B0C70	0x003B0C70	0xA4	plain
func_003B2640	0x003B2640	0xA4	plain
func_003B8A68	0x003B8A68	0xA4	plain
func_003C7AE8	0x003C7AE8	0xA4	plain
func_003E9BA8	0x003E9BA8	0xA4	plain
func_0037FEE8	0x0037FEE8	0xA8	plain
func_0038C580	0x0038C580	0xA8	plain
func_0038CA08	0x0038CA08	0xA8	plain
func_00399660	0x00399660	0xA8	plain
func_00399748	0x00399748	0xA8	plain
func_003A4DC8	0x003A4DC8	0xA8	plain
func_003AEEC8	0x003AEEC8	0xA8	plain
func_003B6368	0x003B6368	0xA8	plain
func_003BA2A8	0x003BA2A8	0xA8	plain
func_003BA3E8	0x003BA3E8	0xA8	plain
func_003E0930	0x003E0930	0xA8	plain
func_003E16B8	0x003E16B8	0xA8	plain
func_003E31A8	0x003E31A8	0xA8	plain
func_0038E508	0x0038E508	0xAC	plain
func_003A5CA8	0x003A5CA8	0xAC	plain
func_003B8B18	0x003B8B18	0xAC	plain
func_003B8E10	0x003B8E10	0xAC	plain
func_003D47A0	0x003D47A0	0xAC	plain
func_003E24B0	0x003E24B0	0xAC	plain
func_003E2560	0x003E2560	0xAC	plain
func_003E33F0	0x003E33F0	0xAC	plain
func_00399F90	0x00399F90	0xB0	plain
func_0039AAF0	0x0039AAF0	0xB0	plain
func_003A3028	0x003A3028	0xB0	plain
func_003A5BC0	0x003A5BC0	0xB0	plain
func_003A7CD0	0x003A7CD0	0xB0	plain
func_003B10A8	0x003B10A8	0xB0	plain
func_003B4F50	0x003B4F50	0xB0	plain
func_003B7568	0x003B7568	0xB0	plain
func_003B7AA0	0x003B7AA0	0xB0	plain
func_003E3580	0x003E3580	0xB0	plain
func_003A7E80	0x003A7E80	0xB4	plain
func_003D27C0	0x003D27C0	0xB4	plain
func_003E0CC0	0x003E0CC0	0xB4	plain
func_003823A0	0x003823A0	0xB8	plain
func_00385570	0x00385570	0xB8	plain
func_0038C778	0x0038C778	0xB8	plain
func_00396A28	0x00396A28	0xB8	plain
func_00399948	0x00399948	0xB8	plain
func_003ADBB0	0x003ADBB0	0xB8	plain
func_003B1210	0x003B1210	0xB8	plain
func_003B8700	0x003B8700	0xB8	plain
func_003E3330	0x003E3330	0xB8	plain
func_003E37F0	0x003E37F0	0xB8	plain
func_003E38D0	0x003E38D0	0xB8	plain
func_003809F0	0x003809F0	0xBC	plain
func_003968F8	0x003968F8	0xBC	plain
func_003A3A40	0x003A3A40	0xBC	plain
func_003B5EC8	0x003B5EC8	0xBC	plain
func_003BD490	0x003BD490	0xBC	plain
func_003BE1A0	0x003BE1A0	0xBC	plain
func_003A0010	0x003A0010	0xC0	plain
func_003A9698	0x003A9698	0xC0	plain
func_003AAD40	0x003AAD40	0xC0	plain
func_003AAEC8	0x003AAEC8	0xC0	plain
func_003BF838	0x003BF838	0xC0	plain
func_003D46E0	0x003D46E0	0xC0	plain
func_0037E568	0x0037E568	0xC4	plain
func_0038E440	0x0038E440	0xC4	plain
func_00393DC8	0x00393DC8	0xC4	plain
func_003B5128	0x003B5128	0xC4	plain
func_003CB890	0x003CB890	0xC4	plain
func_00387B10	0x00387B10	0xC8	plain
func_003A3368	0x003A3368	0xC8	plain
func_003B5F88	0x003B5F88	0xC8	plain
func_003BD360	0x003BD360	0xC8	plain
func_003BF4F8	0x003BF4F8	0xC8	plain
func_003DEEF0	0x003DEEF0	0xC8	plain
func_0038E5B8	0x0038E5B8	0xCC	plain
func_003AD108	0x003AD108	0xCC	plain
func_003AEFD0	0x003AEFD0	0xCC	plain
func_003B2958	0x003B2958	0xCC	plain
func_003B71B8	0x003B71B8	0xCC	plain
func_003E17C0	0x003E17C0	0xCC	plain
func_00392108	0x00392108	0xD0	plain
func_00393290	0x00393290	0xD0	plain
func_0039CBA0	0x0039CBA0	0xD0	plain
func_003AAC70	0x003AAC70	0xD0	plain
func_003ABB60	0x003ABB60	0xD0	plain
func_003B15E0	0x003B15E0	0xD0	plain
func_003C9B80	0x003C9B80	0xD0	plain
func_003E1D68	0x003E1D68	0xD0	plain
func_003E3250	0x003E3250	0xD0	plain
func_003E3630	0x003E3630	0xD0	plain
func_003E3A80	0x003E3A80	0xD0	plain
func_0037F420	0x0037F420	0xD4	plain
func_003822C8	0x003822C8	0xD4	plain
func_0039EA60	0x0039EA60	0xD4	plain
func_003E0478	0x003E0478	0xD4	plain
func_003E2118	0x003E2118	0xD4	plain
func_003E21F8	0x003E21F8	0xD4	plain
func_003E2728	0x003E2728	0xD4	plain
func_003E2808	0x003E2808	0xD4	plain
func_003E28E0	0x003E28E0	0xD4	plain
func_003E29B8	0x003E29B8	0xD4	plain
func_003E5D08	0x003E5D08	0xD4	plain
func_003E5F00	0x003E5F00	0xD4	plain
func_003E6538	0x003E6538	0xD4	plain
func_003E6680	0x003E6680	0xD4	plain
func_003E67B8	0x003E67B8	0xD4	plain
func_003E6F50	0x003E6F50	0xD4	plain
func_003E7638	0x003E7638	0xD4	plain
func_003E7C90	0x003E7C90	0xD4	plain
func_0039BEC0	0x0039BEC0	0xD8	plain
func_003A3430	0x003A3430	0xD8	plain
func_003BDC90	0x003BDC90	0xD8	plain
func_003BE418	0x003BE418	0xD8	plain
func_003BFE08	0x003BFE08	0xD8	plain
func_003C1950	0x003C1950	0xD8	plain
func_003E0798	0x003E0798	0xD8	plain
func_003E11D0	0x003E11D0	0xD8	plain
func_003972A0	0x003972A0	0xDC	plain
func_003ADF88	0x003ADF88	0xDC	plain
func_003BD550	0x003BD550	0xDC	plain
func_003E30C8	0x003E30C8	0xDC	plain
func_003E89F0	0x003E89F0	0xDC	plain
func_003821E8	0x003821E8	0xE0	plain
func_00386608	0x00386608	0xE0	plain
func_0038C628	0x0038C628	0xE0	plain
func_00394B38	0x00394B38	0xE0	plain
func_003B42D0	0x003B42D0	0xE0	plain
func_003B8F50	0x003B8F50	0xE0	plain
func_003D1570	0x003D1570	0xE0	plain
func_0039CAB8	0x0039CAB8	0xE4	plain
func_003A9CF8	0x003A9CF8	0xE4	plain
func_003B8840	0x003B8840	0xE4	plain
func_003C79F0	0x003C79F0	0xE4	plain
func_003E1E50	0x003E1E50	0xE4	plain
func_003E1F40	0x003E1F40	0xE4	plain
func_003E2028	0x003E2028	0xE4	plain
func_003E22D0	0x003E22D0	0xE4	plain
func_003E23C0	0x003E23C0	0xE4	plain
func_003E2B98	0x003E2B98	0xE4	plain
func_003E2C88	0x003E2C88	0xE4	plain
func_003E8EC8	0x003E8EC8	0xE4	plain
func_0037E9B0	0x0037E9B0	0xE8	plain
func_003807F0	0x003807F0	0xE8	plain
func_00397100	0x00397100	0xE8	plain
func_003B70A8	0x003B70A8	0xE8	plain
func_003B98B8	0x003B98B8	0xE8	plain
func_003E3D08	0x003E3D08	0xE8	plain
func_003ABE98	0x003ABE98	0xEC	plain
func_003AC2B0	0x003AC2B0	0xEC	plain
func_0038EFD0	0x0038EFD0	0xF0	plain
func_0039A040	0x0039A040	0xF0	plain
func_0039ED50	0x0039ED50	0xF0	plain
func_003BBFC8	0x003BBFC8	0xF0	plain
func_003BDBA0	0x003BDBA0	0xF0	plain
func_003D3B90	0x003D3B90	0xF0	plain
func_003E3700	0x003E3700	0xF0	plain
func_003E90C8	0x003E90C8	0xF0	plain
func_00395AC8	0x00395AC8	0xF4	plain
func_0039C7B0	0x0039C7B0	0xF4	plain
func_003A3128	0x003A3128	0xF4	plain
func_003A95A0	0x003A95A0	0xF4	plain
func_003BA850	0x003BA850	0xF4	plain
func_0039C8A8	0x0039C8A8	0xF8	plain
func_003A62E8	0x003A62E8	0xF8	plain
func_003E3988	0x003E3988	0xF8	plain
func_003E3DF0	0x003E3DF0	0xF8	plain
func_00396680	0x00396680	0xFC	plain
func_003BD668	0x003BD668	0xFC	plain
func_003ACED0	0x003ACED0	0x100	plain
func_003BD8A0	0x003BD8A0	0x100	plain
func_003B1DA8	0x003B1DA8	0x104	plain
func_003D98D0	0x003D98D0	0x104	plain
func_003E0068	0x003E0068	0x104	plain
func_003E2618	0x003E2618	0x104	plain
func_003E2A90	0x003E2A90	0x104	plain
func_00384C98	0x00384C98	0x108	plain
func_0038EB10	0x0038EB10	0x108	plain
func_003ACC30	0x003ACC30	0x108	plain
func_003BF910	0x003BF910	0x108	plain
func_003866E8	0x003866E8	0x10C	plain
func_00395FF0	0x00395FF0	0x10C	plain
func_00397380	0x00397380	0x10C	plain
func_003AC5E0	0x003AC5E0	0x10C	plain
func_003B5018	0x003B5018	0x10C	plain
func_003808E0	0x003808E0	0x110	plain
func_00387A00	0x00387A00	0x110	plain
func_00394F78	0x00394F78	0x110	plain
func_003CB958	0x003CB958	0x110	plain
func_00394A20	0x00394A20	0x114	plain
func_00399830	0x00399830	0x114	plain
func_0039C9A0	0x0039C9A0	0x114	plain
func_003A3FB0	0x003A3FB0	0x114	plain
func_003ABA48	0x003ABA48	0x114	plain
func_003C8B28	0x003C8B28	0x114	plain
func_003E8FB0	0x003E8FB0	0x114	plain
func_00393C98	0x00393C98	0x118	plain
func_003B0608	0x003B0608	0x118	plain
func_003B8168	0x003B8168	0x118	plain
func_003C8D50	0x003C8D50	0x118	plain
func_003CB748	0x003CB748	0x118	plain
func_00393580	0x00393580	0x11C	plain
func_003959A8	0x003959A8	0x11C	plain
func_003A6518	0x003A6518	0x11C	plain
func_003B5AB0	0x003B5AB0	0x11C	plain
func_003B8440	0x003B8440	0x11C	plain
func_003E0FC8	0x003E0FC8	0x11C	plain
func_003A3C80	0x003A3C80	0x120	plain
func_00396120	0x00396120	0x124	plain
func_003A5A90	0x003A5A90	0x124	plain
func_003A9768	0x003A9768	0x124	plain
func_003B7EB0	0x003B7EB0	0x124	plain
func_003BCFB0	0x003BCFB0	0x124	plain
func_003E8AD0	0x003E8AD0	0x124	plain
func_0038E930	0x0038E930	0x128	plain
func_00391D08	0x00391D08	0x128	plain
func_003A6640	0x003A6640	0x128	plain
func_003BA490	0x003BA490	0x128	plain
func_003BBC48	0x003BBC48	0x128	plain
func_003BC0F0	0x003BC0F0	0x128	plain
func_00384B68	0x00384B68	0x12C	plain
func_00391FD8	0x00391FD8	0x12C	plain
func_003B9A08	0x003B9A08	0x12C	plain
func_003E0550	0x003E0550	0x12C	plain
func_0039C028	0x0039C028	0x130	plain
func_003ABC30	0x003ABC30	0x130	plain
func_003ACB00	0x003ACB00	0x130	plain
func_003AD520	0x003AD520	0x130	plain
func_00385438	0x00385438	0x134	plain
func_003B22C0	0x003B22C0	0x134	plain
func_003DF820	0x003DF820	0x134	plain
func_003E3BD0	0x003E3BD0	0x134	plain
func_003E8838	0x003E8838	0x134	plain
func_003E0E90	0x003E0E90	0x138	plain
func_00387C78	0x00387C78	0x13C	plain
func_003BDD68	0x003BDD68	0x13C	plain
func_003D3A50	0x003D3A50	0x13C	plain
func_003E8420	0x003E8420	0x13C	plain
func_00381DD0	0x00381DD0	0x140	plain
func_003B45B0	0x003B45B0	0x140	plain
func_003BB398	0x003BB398	0x140	plain
func_003DF9E0	0x003DF9E0	0x140	plain
func_003C9888	0x003C9888	0x148	plain
func_003E0B78	0x003E0B78	0x148	plain
func_003919E0	0x003919E0	0x14C	plain
func_00394660	0x00394660	0x14C	plain
func_0037E368	0x0037E368	0x150	plain
func_0037F0D8	0x0037F0D8	0x150	plain
func_00382F90	0x00382F90	0x154	plain
func_003B9160	0x003B9160	0x154	plain
func_003804A0	0x003804A0	0x15C	plain
func_00391E78	0x00391E78	0x15C	plain
func_00385CE0	0x00385CE0	0x160	plain
func_0038E798	0x0038E798	0x160	plain
func_003AC150	0x003AC150	0x160	plain
func_003A54A0	0x003A54A0	0x168	plain
func_003AFAA8	0x003AFAA8	0x168	plain
func_003DFB40	0x003DFB40	0x168	plain
func_003DFCA8	0x003DFCA8	0x168	plain
func_003DFE10	0x003DFE10	0x168	plain
func_003E50A8	0x003E50A8	0x168	plain
func_003E5210	0x003E5210	0x168	plain
func_00393120	0x00393120	0x170	plain
func_003BB5C0	0x003BB5C0	0x170	plain
func_0038EE58	0x0038EE58	0x174	plain
func_003AAF88	0x003AAF88	0x174	plain
func_00381C18	0x00381C18	0x178	plain
func_003BA108	0x003BA108	0x178	plain
func_00389B98	0x00389B98	0x17C	plain
func_00385B60	0x00385B60	0x180	plain
func_00386488	0x00386488	0x180	plain
func_003B6F28	0x003B6F28	0x180	plain
func_003B82C0	0x003B82C0	0x180	plain
func_003AB220	0x003AB220	0x184	plain
func_003BE4F0	0x003BE4F0	0x184	plain
func_0039A7F8	0x0039A7F8	0x188	plain
func_003EC7D8	0x003EC7D8	0x188	plain
func_00386D98	0x00386D98	0x18C	plain
func_003A9EF0	0x003A9EF0	0x18C	plain
func_003B52B0	0x003B52B0	0x18C	plain
func_003B7FD8	0x003B7FD8	0x190	plain
func_003C9078	0x003C9078	0x190	plain
func_003D1978	0x003D1978	0x190	plain
func_0037E630	0x0037E630	0x194	plain
func_00391B70	0x00391B70	0x194	plain
func_003A2028	0x003A2028	0x194	plain
func_003ACD38	0x003ACD38	0x194	plain
func_003BF360	0x003BF360	0x198	plain
func_003CB5B0	0x003CB5B0	0x198	plain
func_003E09D8	0x003E09D8	0x1A0	plain
func_00392878	0x00392878	0x1A8	plain
func_003AB610	0x003AB610	0x1A8	plain
func_003AD288	0x003AD288	0x1A8	plain
func_003BEC60	0x003BEC60	0x1A8	plain
func_003C8ED0	0x003C8ED0	0x1A8	plain
func_0038E030	0x0038E030	0x1B0	plain
func_003CBAC0	0x003CBAC0	0x1B0	plain
func_0038F0F0	0x0038F0F0	0x1B4	plain
func_003ECDF0	0x003ECDF0	0x1B4	plain
func_003B5D10	0x003B5D10	0x1B8	plain
func_003EAAD0	0x003EAAD0	0x1B8	plain
func_003A4860	0x003A4860	0x1C0	plain
func_003AA0B8	0x003AA0B8	0x1C0	plain
func_00381A50	0x00381A50	0x1C4	plain
func_00395C48	0x00395C48	0x1C4	plain
func_0039C548	0x0039C548	0x1C4	plain
func_003A02D8	0x003A02D8	0x1C4	plain
func_003A8060	0x003A8060	0x1C4	plain
func_003AA2E8	0x003AA2E8	0x1C4	plain
func_003B4788	0x003B4788	0x1C8	plain
func_003838C0	0x003838C0	0x1CC	plain
func_003CBC70	0x003CBC70	0x1CC	plain
func_003BEE20	0x003BEE20	0x1D0	plain
func_003896E8	0x003896E8	0x1D4	plain
func_003899B8	0x003899B8	0x1D4	plain
func_0038CC68	0x0038CC68	0x1D4	plain
func_003B78C8	0x003B78C8	0x1D4	plain
func_003EB180	0x003EB180	0x1D4	plain
func_003A5FB8	0x003A5FB8	0x1D8	plain
func_003A9B10	0x003A9B10	0x1D8	plain
func_003AA828	0x003AA828	0x1D8	plain
func_00386F38	0x00386F38	0x1DC	plain
func_00385980	0x00385980	0x1E0	plain
func_00387118	0x00387118	0x1E0	plain
func_003A1E48	0x003A1E48	0x1E0	plain
func_003B0A60	0x003B0A60	0x1E0	plain
func_00380600	0x00380600	0x1E4	plain
func_003867F8	0x003867F8	0x1E4	plain
func_003AC3F8	0x003AC3F8	0x1E8	plain
func_0037DD30	0x0037DD30	0x1EC	plain
func_003B43C0	0x003B43C0	0x1EC	plain
func_003B7378	0x003B7378	0x1EC	plain
func_00392400	0x00392400	0x1F0	plain
func_003BBA50	0x003BBA50	0x1F4	plain
func_003AD8A8	0x003AD8A8	0x1FC	plain
func_003BB7E8	0x003BB7E8	0x204	plain
func_003A6A00	0x003A6A00	0x208	plain
func_0039CC98	0x0039CC98	0x20C	plain
func_003EA078	0x003EA078	0x214	plain
func_0037F588	0x0037F588	0x220	plain
func_003A9890	0x003A9890	0x220	plain
func_003EC960	0x003EC960	0x220	plain
func_003921D8	0x003921D8	0x224	plain
func_003BDEA8	0x003BDEA8	0x228	plain
func_003A1870	0x003A1870	0x22C	plain
func_003D1B10	0x003D1B10	0x22C	plain
func_00388018	0x00388018	0x23C	plain
func_0039A170	0x0039A170	0x240	plain
func_00387DC8	0x00387DC8	0x244	plain
func_003BF058	0x003BF058	0x244	plain
func_003B23F8	0x003B23F8	0x248	plain
func_0039ABB0	0x0039ABB0	0x24C	plain
func_00395648	0x00395648	0x254	plain
func_003B7618	0x003B7618	0x258	plain
func_003E8C40	0x003E8C40	0x258	plain
func_0039C2E8	0x0039C2E8	0x25C	plain
func_003C0B10	0x003C0B10	0x25C	plain
func_003AB3A8	0x003AB3A8	0x260	plain
func_003E98B8	0x003E98B8	0x260	plain
func_003EA648	0x003EA648	0x260	plain
func_003EC3D0	0x003EC3D0	0x260	plain
func_003947B0	0x003947B0	0x26C	plain
func_003A73A0	0x003A73A0	0x26C	plain
func_00380AB0	0x00380AB0	0x270	plain
func_003A2460	0x003A2460	0x270	plain
func_00386210	0x00386210	0x274	plain
func_003B57F8	0x003B57F8	0x278	plain
func_003925F0	0x003925F0	0x284	plain
func_003B5440	0x003B5440	0x284	plain
func_003BD0D8	0x003BD0D8	0x288	plain
func_00399A00	0x00399A00	0x290	plain
func_00389D18	0x00389D18	0x2A0	plain
func_00394060	0x00394060	0x2A0	plain
func_003A21C0	0x003A21C0	0x2A0	plain
func_003872F8	0x003872F8	0x2A4	plain
func_0039FBD8	0x0039FBD8	0x2A4	plain
func_003B07B8	0x003B07B8	0x2A4	plain
func_0038DC08	0x0038DC08	0x2A8	plain
func_00399C90	0x00399C90	0x2AC	plain
func_003AFC68	0x003AFC68	0x2B8	plain
func_003AF718	0x003AF718	0x2C4	plain
func_00381F18	0x00381F18	0x2D0	plain
func_003D3780	0x003D3780	0x2D0	plain
func_003D3148	0x003D3148	0x2DC	plain
func_003A7090	0x003A7090	0x2EC	plain
func_003E9D78	0x003E9D78	0x300	plain
func_003AC6F0	0x003AC6F0	0x30C	plain
func_0037EB68	0x0037EB68	0x318	plain
func_003810C0	0x003810C0	0x31C	plain
func_00394C58	0x00394C58	0x31C	plain
func_003AA4B0	0x003AA4B0	0x32C	plain
func_003A4A78	0x003A4A78	0x350	plain
func_003CBE40	0x003CBE40	0x358	plain
func_003D3428	0x003D3428	0x358	plain
func_003B7B50	0x003B7B50	0x35C	plain
func_003A1AD0	0x003A1AD0	0x374	plain
func_00380D48	0x00380D48	0x378	plain
func_00385E40	0x00385E40	0x3CC	plain
func_003B1EB0	0x003B1EB0	0x410	plain
func_003B3DB8	0x003B3DB8	0x42C	plain
func_00383FD8	0x00383FD8	0x440	plain
func_003A35C0	0x003A35C0	0x440	plain
func_003EAC88	0x003EAC88	0x448	plain
func_003D2370	0x003D2370	0x450	plain
func_003AF2C0	0x003AF2C0	0x458	plain
func_003A6C30	0x003A6C30	0x460	plain
func_003B49E8	0x003B49E8	0x478	plain
func_003A0EB0	0x003A0EB0	0x490	plain
func_003D41E0	0x003D41E0	0x4A0	plain
func_00390730	0x00390730	0x4E8	plain
func_003A4E70	0x003A4E70	0x540	plain
func_00384EC0	0x00384EC0	0x578	plain
func_003E92D8	0x003E92D8	0x5DC	plain
func_003DE8F0	0x003DE8F0	0x600	plain
func_003A7690	0x003A7690	0x634	plain
func_003B16B0	0x003B16B0	0x6F4	plain
func_00384420	0x00384420	0x724	plain
func_003830E8	0x003830E8	0x754	plain
func_003DF038	0x003DF038	0x784	plain
func_003B3558	0x003B3558	0x860	plain
func_0038BB50	0x0038BB50	0x86C	plain
func_003E3F08	0x003E3F08	0x880	plain
func_0038B1E8	0x0038B1E8	0x968	plain
func_0039DB38	0x0039DB38	0x96C	plain
func_0038F3F8	0x0038F3F8	0x9C4	plain
func_003BC568	0x003BC568	0xA3C	plain
func_003EB728	0x003EB728	0xCA4	plain
func_003A8230	0x003A8230	0x136C	plain
func_003A0170	0x003A0170	0x84	switch
func_003AE368	0x003AE368	0xC8	switch
func_003B5708	0x003B5708	0xF0	switch
func_003B61A0	0x003B61A0	0x130	switch
func_0039BD48	0x0039BD48	0x144	switch
func_0039A3B0	0x0039A3B0	0x164	switch
func_003B27A8	0x003B27A8	0x1AC	switch
func_003B0DA0	0x003B0DA0	0x1B4	switch
func_0037EE80	0x0037EE80	0x210	switch
func_003953F0	0x003953F0	0x238	switch
func_0039AE08	0x0039AE08	0x2DC	switch
func_003B02A0	0x003B02A0	0x2E0	switch
func_003AFF20	0x003AFF20	0x2F0	switch
func_003BC218	0x003BC218	0x350	switch
func_003EA290	0x003EA290	0x3B4	switch
func_003AE8A8	0x003AE8A8	0x3F8	switch
func_0039E4B0	0x0039E4B0	0x42C	switch
func_003B2AF8	0x003B2AF8	0x454	switch
func_003AE438	0x003AE438	0x470	switch
func_003B2F50	0x003B2F50	0x604	switch
func_0039CEA8	0x0039CEA8	0x624	switch
func_00389FB8	0x00389FB8	0x890	switch
func_0038FDC0	0x0038FDC0	0x928	switch
func_0038A848	0x0038A848	0x964	switch
func_0037D200	0x0037D200	0xA30	switch
func_003C00B8	0x003C00B8	0xA54	switch
func_00382458	0x00382458	0xAE8	switch
func_00390C18	0x00390C18	0xDC8	switch
func_003DBEB0	0x003DBEB0	0xE58	switch
func_003DCD08	0x003DCD08	0x1558	switch
func_00397490	0x00397490	0x21CC	switch
func_00388960	0x00388960	0x18	vu0
func_00388978	0x00388978	0x18	vu0
func_00388BD0	0x00388BD0	0x20	vu0
func_003887A0	0x003887A0	0x28	vu0
func_00388920	0x00388920	0x28	vu0
func_00388770	0x00388770	0x30	vu0
func_00388800	0x00388800	0x30	vu0
func_003887C8	0x003887C8	0x38	vu0
func_003894A0	0x003894A0	0x48	vu0
func_003CCDC4	0x003CCDC4	0x48	vu0
func_003CD548	0x003CD548	0x50	vu0
func_0037F4F8	0x0037F4F8	0x58	vu0
func_003BFBA8	0x003BFBA8	0x70	vu0
func_003DE430	0x003DE430	0x70	vu0
func_003BFD10	0x003BFD10	0x80	vu0
func_00388F90	0x00388F90	0x88	vu0
func_003BDA38	0x003BDA38	0x88	vu0
func_003BD9A0	0x003BD9A0	0x94	vu0
func_00388990	0x00388990	0x98	vu0
func_003C9210	0x003C9210	0xA8	vu0
func_0039E9A0	0x0039E9A0	0xB8	vu0
func_003DE4A0	0x003DE4A0	0xB8	vu0
func_003CCD08	0x003CCD08	0xBC	vu0
func_003CD194	0x003CD194	0xBC	vu0
func_003CD710	0x003CD710	0xC0	vu0
func_003B9098	0x003B9098	0xC4	vu0
func_003BFC18	0x003BFC18	0xD0	vu0
func_003BDAC8	0x003BDAC8	0xD4	vu0
func_003BE860	0x003BE860	0xE4	vu0
func_0037E0F0	0x0037E0F0	0xE8	vu0
func_003B9DA8	0x003B9DA8	0xF0	vu0
func_003BE988	0x003BE988	0xF4	vu0
func_003BA748	0x003BA748	0x104	vu0
func_003D96C4	0x003D96C4	0x104	vu0
func_00384DA0	0x00384DA0	0x108	vu0
func_003D95B0	0x003D95B0	0x114	vu0
func_003DE260	0x003DE260	0x144	vu0
func_003A2EE0	0x003A2EE0	0x148	vu0
func_003B9730	0x003B9730	0x150	vu0
func_003B9C50	0x003B9C50	0x154	vu0
func_003A0D58	0x003A0D58	0x158	vu0
func_003BB210	0x003BB210	0x184	vu0
func_003BA5B8	0x003BA5B8	0x18C	vu0
func_003B8560	0x003B8560	0x19C	vu0
func_0039EB98	0x0039EB98	0x1B4	vu0
func_003BFEF0	0x003BFEF0	0x1C8	vu0
func_003E0190	0x003E0190	0x1C8	vu0
func_0037F7A8	0x0037F7A8	0x1CC	vu0
func_003A2C18	0x003A2C18	0x1DC	vu0
func_003BBD98	0x003BBD98	0x1E8	vu0
func_003D3FA0	0x003D3FA0	0x1F4	vu0
func_0037F228	0x0037F228	0x1F8	vu0
func_003B9E98	0x003B9E98	0x220	vu0
func_003CD250	0x003CD250	0x220	vu0
func_0037FF90	0x0037FF90	0x230	vu0
func_003CC5F8	0x003CC5F8	0x240	vu0
func_003C0E10	0x003C0E10	0x25C	vu0
func_003801C0	0x003801C0	0x2DC	vu0
func_003C1130	0x003C1130	0x30C	vu0
func_003DE560	0x003DE560	0x30C	vu0
func_00392DD8	0x00392DD8	0x344	vu0
func_003BAE98	0x003BAE98	0x374	vu0
func_00392A40	0x00392A40	0x394	vu0
func_003869E8	0x003869E8	0x3AC	vu0
func_00383BB0	0x00383BB0	0x428	vu0
func_003A1438	0x003A1438	0x438	vu0
func_003875A0	0x003875A0	0x460	vu0
func_003B92B8	0x003B92B8	0x478	vu0
func_003C1440	0x003C1440	0x4B4	vu0
func_003A26D0	0x003A26D0	0x4EC	vu0
func_003BA9A0	0x003BA9A0	0x4F8	vu0
func_0037F978	0x0037F978	0x570	vu0
func_003813E0	0x003813E0	0x664	vu0
func_003A04A0	0x003A04A0	0x87C	vu0
func_0039EE68	0x0039EE68	0xC8C	vu0
func_00388E78	0x00388E78	0x40	mmi
func_003A4768	0x003A4768	0xF4	mmi
func_003936A8	0x003936A8	0x11C	mmi
func_00395EB8	0x00395EB8	0x128	mmi
func_003D1D40	0x003D1D40	0x128	mmi
func_00393878	0x00393878	0x1A0	mmi
func_00393E90	0x00393E90	0x1CC	mmi
func_003A42E0	0x003A42E0	0x210	mmi
func_00393A18	0x00393A18	0x27C	mmi
func_00395090	0x00395090	0x2C4	mmi
func_00394368	0x00394368	0x2F4	mmi
func_003D1650	0x003D1650	0x324	mmi
func_003D1E68	0x003D1E68	0x470	mmi
func_003D2878	0x003D2878	0x714	mmi
func_003B6528	0x003B6528	0xA00	mmi
func_0038CE40	0x0038CE40	0xBE8	mmi
func_00388648	0x00388648	0x38	sys
func_003E1D18	0x003E1D18	0x34	float-nop
func_003CC880	0x003CC880	0x4	odd
func_003CCCF8	0x003CCCF8	0x10	odd
func_003CD470	0x003CD470	0x38	odd
func_003CD510	0x003CD510	0x38	odd
func_003CD4A8	0x003CD4A8	0x68	odd
func_003C7B98	0x003C7B98	0x8	handwritten
func_0039BA30	0x0039BA30	0x20	handwritten
func_0039BD08	0x0039BD08	0x24	handwritten
func_00388418	0x00388418	0x28	handwritten
func_00388440	0x00388440	0x28	handwritten
func_00388468	0x00388468	0x28	handwritten
func_003885F0	0x003885F0	0x28	handwritten
func_00388398	0x00388398	0x30	handwritten
func_003883C8	0x003883C8	0x30	handwritten
func_00388618	0x00388618	0x30	handwritten
func_003A46F0	0x003A46F0	0x30	handwritten
func_003CC884	0x003CC884	0x30	handwritten
func_003D00C0	0x003D00C0	0x30	handwritten
func_0039BBC8	0x0039BBC8	0x34	handwritten
func_003D81E0	0x003D81E0	0x38	handwritten
func_003AB9A8	0x003AB9A8	0x3C	handwritten
func_003CDE70	0x003CDE70	0x40	handwritten
func_00388F08	0x00388F08	0x48	handwritten
func_003C2868	0x003C2868	0x48	handwritten
func_00389410	0x00389410	0x58	handwritten
func_003C2310	0x003C2310	0x60	handwritten
func_003C2370	0x003C2370	0x78	handwritten
func_003CDDF0	0x003CDDF0	0x80	handwritten
func_003C7DE0	0x003C7DE0	0x88	handwritten
func_003CC8B8	0x003CC8B8	0x94	handwritten
func_003C8A90	0x003C8A90	0x98	handwritten
func_00388550	0x00388550	0xA0	handwritten
func_003CE6A0	0x003CE6A0	0xA0	handwritten
func_003937C8	0x003937C8	0xB0	handwritten
func_00388490	0x00388490	0xC0	handwritten
func_00389018	0x00389018	0xC0	handwritten
func_003C1F10	0x003C1F10	0xD0	handwritten
func_003C5D90	0x003C5D90	0xE0	handwritten
func_00389158	0x00389158	0xE4	handwritten
func_003C9798	0x003C9798	0xF0	handwritten
func_003894E8	0x003894E8	0xF8	handwritten
func_003895E8	0x003895E8	0xF8	handwritten
func_003C92B8	0x003C92B8	0xF8	handwritten
func_003A45F0	0x003A45F0	0xFC	handwritten
func_003C7CE0	0x003C7CE0	0x100	handwritten
func_003C93B0	0x003C93B0	0x100	handwritten
func_003CB498	0x003CB498	0x108	handwritten
func_003D94A8	0x003D94A8	0x108	handwritten
func_003DBCE8	0x003DBCE8	0x108	handwritten
func_00388A28	0x00388A28	0x118	handwritten
func_003D80C0	0x003D80C0	0x120	handwritten
func_003CCE10	0x003CCE10	0x128	handwritten
func_0039B628	0x0039B628	0x138	handwritten
func_003C78B0	0x003C78B0	0x13C	handwritten
func_0039B4E8	0x0039B4E8	0x140	handwritten
func_003C7BA0	0x003C7BA0	0x140	handwritten
func_003CC4B0	0x003CC4B0	0x148	handwritten
func_003C4F30	0x003C4F30	0x164	handwritten
func_003CA860	0x003CA860	0x168	handwritten
func_003C1DA0	0x003C1DA0	0x170	handwritten
func_003C21A0	0x003C21A0	0x170	handwritten
func_0039BA50	0x0039BA50	0x178	handwritten
func_003CD598	0x003CD598	0x178	handwritten
func_003D9330	0x003D9330	0x178	handwritten
func_003DBB70	0x003DBB70	0x178	handwritten
func_003CB310	0x003CB310	0x188	handwritten
func_003C26C8	0x003C26C8	0x1A0	handwritten
func_003CCB40	0x003CCB40	0x1B4	handwritten
func_003C1FE0	0x003C1FE0	0x1C0	handwritten
func_003CCFB0	0x003CCFB0	0x1E4	handwritten
func_003CE4B4	0x003CE4B4	0x1E8	handwritten
func_003AB7B8	0x003AB7B8	0x1EC	handwritten
func_003CC950	0x003CC950	0x1F0	handwritten
func_0039B2E8	0x0039B2E8	0x200	handwritten
func_00388C10	0x00388C10	0x228	handwritten
func_003CA9C8	0x003CA9C8	0x248	handwritten
func_003DB318	0x003DB318	0x2A8	handwritten
func_003C5AE0	0x003C5AE0	0x2B0	handwritten
func_003D76A0	0x003D76A0	0x2B0	handwritten
func_0039B760	0x0039B760	0x2D0	handwritten
func_003C23E8	0x003C23E8	0x2DC	handwritten
func_003C94B0	0x003C94B0	0x2E8	handwritten
func_003C1A90	0x003C1A90	0x310	handwritten
func_003CC198	0x003CC198	0x318	handwritten
func_003DB5C0	0x003DB5C0	0x5B0	handwritten
func_003CD830	0x003CD830	0x5C0	handwritten
func_003CDEB0	0x003CDEB0	0x5FC	handwritten
func_003CAC10	0x003CAC10	0x700	handwritten
func_003D7950	0x003D7950	0x748	handwritten
func_003D5840	0x003D5840	0x8F0	handwritten
func_003CF790	0x003CF790	0x928	handwritten
func_003D6C10	0x003D6C10	0xA3C	handwritten
func_003C5098	0x003C5098	0xA48	handwritten
func_003D6130	0x003D6130	0xA90	handwritten
func_003C9C58	0x003C9C58	0xC08	handwritten
func_003C7E68	0x003C7E68	0xC28	handwritten
func_003C4280	0x003C4280	0xCA8	handwritten
func_003C35A8	0x003C35A8	0xCD8	handwritten
func_003C28B0	0x003C28B0	0xCF4	handwritten
func_003D48D8	0x003D48D8	0xF3C	handwritten
func_003CE740	0x003CE740	0x1050	handwritten
func_003D8218	0x003D8218	0x10F0	handwritten
func_003D00F8	0x003D00F8	0x13B8	handwritten
func_003D9A40	0x003D9A40	0x18D8	handwritten
func_003C5E70	0x003C5E70	0x1A40	handwritten
func_0037D1A0	0x0037D1A0	0x4	remnant
func_0037DCD0	0x0037DCD0	0x4	remnant
func_0037DF20	0x0037DF20	0x4	remnant
func_0037EA98	0x0037EA98	0x4	remnant
func_00381A48	0x00381A48	0x4	remnant
func_00381F10	0x00381F10	0x4	remnant
func_00383840	0x00383840	0x4	remnant
func_00384418	0x00384418	0x4	remnant
func_003869E0	0x003869E0	0x4	remnant
func_00389150	0x00389150	0x4	remnant
func_003895E0	0x003895E0	0x4	remnant
func_00389900	0x00389900	0x4	remnant
func_0038C508	0x0038C508	0x4	remnant
func_0038C530	0x0038C530	0x4	remnant
func_0038C9B0	0x0038C9B0	0x4	remnant
func_0038CBC8	0x0038CBC8	0x4	remnant
func_0038DA50	0x0038DA50	0x4	remnant
func_0038E8F8	0x0038E8F8	0x4	remnant
func_00391B68	0x00391B68	0x4	remnant
func_00393418	0x00393418	0x4	remnant
func_00393458	0x00393458	0x4	remnant
func_003936A0	0x003936A0	0x4	remnant
func_00395088	0x00395088	0x4	remnant
func_00395358	0x00395358	0x4	remnant
func_003953E8	0x003953E8	0x4	remnant
func_00395E10	0x00395E10	0x4	remnant
func_003970C8	0x003970C8	0x4	remnant
func_00399708	0x00399708	0x4	remnant
func_0039A7A8	0x0039A7A8	0x4	remnant
func_0039BE90	0x0039BE90	0x4	remnant
func_0039C020	0x0039C020	0x4	remnant
func_0039CC70	0x0039CC70	0x4	remnant
func_0039E4A8	0x0039E4A8	0x4	remnant
func_0039EA58	0x0039EA58	0x4	remnant
func_003A01F8	0x003A01F8	0x4	remnant
func_003A30D8	0x003A30D8	0x4	remnant
func_003A3E38	0x003A3E38	0x4	remnant
func_003A3EE8	0x003A3EE8	0x4	remnant
func_003A3FA8	0x003A3FA8	0x4	remnant
func_003A41E8	0x003A41E8	0x4	remnant
func_003A5950	0x003A5950	0x4	remnant
func_003A59E0	0x003A59E0	0x4	remnant
func_003A5BB8	0x003A5BB8	0x4	remnant
func_003A61C8	0x003A61C8	0x4	remnant
func_003A6448	0x003A6448	0x4	remnant
func_003A6908	0x003A6908	0x4	remnant
func_003A69C0	0x003A69C0	0x4	remnant
func_003A7F38	0x003A7F38	0x4	remnant
func_003A8228	0x003A8228	0x4	remnant
func_003AAB80	0x003AAB80	0x4	remnant
func_003ACFD0	0x003ACFD0	0x4	remnant
func_003AD100	0x003AD100	0x4	remnant
func_003AD818	0x003AD818	0x4	remnant
func_003AD8A0	0x003AD8A0	0x4	remnant
func_003ADC68	0x003ADC68	0x4	remnant
func_003B4F08	0x003B4F08	0x4	remnant
func_003B56C8	0x003B56C8	0x4	remnant
func_003B5BF0	0x003B5BF0	0x4	remnant
func_003B5C60	0x003B5C60	0x4	remnant
func_003B6190	0x003B6190	0x4	remnant
func_003BD768	0x003BD768	0x4	remnant
func_003BDAC0	0x003BDAC0	0x4	remnant
func_003BEBF0	0x003BEBF0	0x4	remnant
func_003BF2F0	0x003BF2F0	0x4	remnant
func_003BFD08	0x003BFD08	0x4	remnant
func_003BFDB0	0x003BFDB0	0x4	remnant
func_003C0E08	0x003C0E08	0x4	remnant
func_003C7B90	0x003C7B90	0x4	remnant
func_003C8CD8	0x003C8CD8	0x4	remnant
func_003C8E68	0x003C8E68	0x4	remnant
func_003C9208	0x003C9208	0x4	remnant
func_003D00F0	0x003D00F0	0x4	remnant
func_003D1B08	0x003D1B08	0x4	remnant
func_003D22D8	0x003D22D8	0x4	remnant
func_003D4850	0x003D4850	0x4	remnant
func_003DBE98	0x003DBE98	0x4	remnant
func_003DE558	0x003DE558	0x4	remnant
func_003DE8C8	0x003DE8C8	0x4	remnant
func_003E0DF0	0x003E0DF0	0x4	remnant
func_003E1890	0x003E1890	0x4	remnant
func_003E1928	0x003E1928	0x4	remnant
func_003E1B90	0x003E1B90	0x4	remnant
func_003E1F38	0x003E1F38	0x4	remnant
func_003E2110	0x003E2110	0x4	remnant
func_003E21F0	0x003E21F0	0x4	remnant
func_003E23B8	0x003E23B8	0x4	remnant
func_003E24A8	0x003E24A8	0x4	remnant
func_003E2610	0x003E2610	0x4	remnant
func_003E2720	0x003E2720	0x4	remnant
func_003E2800	0x003E2800	0x4	remnant
func_003E2C80	0x003E2C80	0x4	remnant
func_003E2DD8	0x003E2DD8	0x4	remnant
func_003E2ED0	0x003E2ED0	0x4	remnant
func_003E2FB8	0x003E2FB8	0x4	remnant
func_003E33E8	0x003E33E8	0x4	remnant
func_003E38A8	0x003E38A8	0x4	remnant
func_003E4788	0x003E4788	0x4	remnant
func_003E8560	0x003E8560	0x4	remnant
func_003E91F0	0x003E91F0	0x4	remnant
func_003EB5E8	0x003EB5E8	0x4	remnant
func_003ECDD8	0x003ECDD8	0x4	remnant
func_0037E7C8	0x0037E7C8	0xC	remnant
func_00384EB0	0x00384EB0	0xC	remnant
func_00386F28	0x00386F28	0xC	remnant
func_00387DB8	0x00387DB8	0xC	remnant
func_0038C708	0x0038C708	0xC	remnant
func_0038C830	0x0038C830	0xC	remnant
func_0038C878	0x0038C878	0xC	remnant
func_0038CC58	0x0038CC58	0xC	remnant
func_0038E6C0	0x0038E6C0	0xC	remnant
func_0038E788	0x0038E788	0xC	remnant
func_00393360	0x00393360	0xC	remnant
func_00395EA8	0x00395EA8	0xC	remnant
func_0039ABA0	0x0039ABA0	0xC	remnant
func_0039B0E8	0x0039B0E8	0xC	remnant
func_0039DAD0	0x0039DAD0	0xC	remnant
func_0039FAF8	0x0039FAF8	0xC	remnant
func_0039FFB8	0x0039FFB8	0xC	remnant
func_003A42D0	0x003A42D0	0xC	remnant
func_003A5918	0x003A5918	0xC	remnant
func_003A5DD8	0x003A5DD8	0xC	remnant
func_003A7F48	0x003A7F48	0xC	remnant
func_003A9758	0x003A9758	0xC	remnant
func_003A9AB0	0x003A9AB0	0xC	remnant
func_003A9CE8	0x003A9CE8	0xC	remnant
func_003B5C90	0x003B5C90	0xC	remnant
func_003BF5C0	0x003BF5C0	0xC	remnant
func_003BF630	0x003BF630	0xC	remnant
func_003BFEE0	0x003BFEE0	0xC	remnant
func_003C7AD8	0x003C7AD8	0xC	remnant
func_003CB5A0	0x003CB5A0	0xC	remnant
func_003DF810	0x003DF810	0xC	remnant
func_003DFFC0	0x003DFFC0	0xC	remnant
func_003E0690	0x003E0690	0xC	remnant
func_003E1760	0x003E1760	0xC	remnant
func_003E1D08	0x003E1D08	0xC	remnant
func_003E3320	0x003E3320	0xC	remnant
func_00393DB0	0x00393DB0	0x14	remnant
func_00397288	0x00397288	0x14	remnant
func_0039FFF0	0x0039FFF0	0x14	remnant
func_003A0268	0x003A0268	0x14	remnant
func_003A7380	0x003A7380	0x14	remnant
func_003AA278	0x003AA278	0x14	remnant
func_003AA2D0	0x003AA2D0	0x14	remnant
func_003BE400	0x003BE400	0x14	remnant
func_003BEC48	0x003BEC48	0x14	remnant
func_003BEE08	0x003BEE08	0x14	remnant
func_003BF690	0x003BF690	0x14	remnant
func_003BF820	0x003BF820	0x14	remnant
func_003BF8F8	0x003BF8F8	0x14	remnant
func_003C1A28	0x003C1A28	0x14	remnant
func_003D2358	0x003D2358	0x14	remnant
func_003DFF78	0x003DFF78	0x14	remnant
func_003E0178	0x003E0178	0x14	remnant
func_003E0358	0x003E0358	0x14	remnant
func_003E30B0	0x003E30B0	0x14	remnant
func_003E87C0	0x003E87C0	0x14	remnant
func_0037E098	0x0037E098	0x1C	remnant
func_0037E548	0x0037E548	0x1C	remnant
func_00380D28	0x00380D28	0x1C	remnant
func_00384B48	0x00384B48	0x1C	remnant
func_00388258	0x00388258	0x1C	remnant
func_0038C8D8	0x0038C8D8	0x1C	remnant
func_00392A20	0x00392A20	0x1C	remnant
func_00395628	0x00395628	0x1C	remnant
func_003A9DE0	0x003A9DE0	0x1C	remnant
func_003BE688	0x003BE688	0x1C	remnant
func_003BF7C8	0x003BF7C8	0x1C	remnant
func_003BFB60	0x003BFB60	0x1C	remnant
func_003E2D70	0x003E2D70	0x1C	remnant
func_0038C558	0x0038C558	0x24	remnant
func_0039A528	0x0039A528	0x24	remnant
func_003A6C08	0x003A6C08	0x24	remnant
func_003A8038	0x003A8038	0x24	remnant
func_003D3F78	0x003D3F78	0x24	remnant
func_003E9B80	0x003E9B80	0x24	remnant
func_003ECD90	0x003ECD90	0x24	remnant
func_0038E688	0x0038E688	0x2C	remnant
func_00393550	0x00393550	0x2C	remnant
func_003A1380	0x003A1380	0x2C	remnant
func_003BEB18	0x003BEB18	0x2C	remnant
func_003D4680	0x003D4680	0x2C	remnant
func_003DBDF0	0x003DBDF0	0x2C	remnant
func_0038C4B0	0x0038C4B0	0x34	remnant
func_0039DB00	0x0039DB00	0x34	remnant
func_003A0D20	0x003A0D20	0x34	remnant
func_003BD630	0x003BD630	0x34	remnant
func_003D3E08	0x003D3E08	0x34	remnant
func_00381D90	0x00381D90	0x3C	remnant
func_003BE948	0x003BE948	0x3C	remnant
func_003ECBE0	0x003ECBE0	0x3C	remnant
func_003D4198	0x003D4198	0x44	remnant
func_003BF728	0x003BF728	0x4C	remnant
func_003EC690	0x003EC690	0x4C	remnant
func_003C18F8	0x003C18F8	0x54	remnant
func_003BEFF8	0x003BEFF8	0x5C	remnant
func_0038F2A8	0x0038F2A8	0x64	remnant
func_0039AA80	0x0039AA80	0x6C	remnant
func_003E8390	0x003E8390	0x8C	remnant
func_003BE740	0x003BE740	0xA4	remnant
func_003C1070	0x003C1070	0xBC	remnant
func_003A7D80	0x003A7D80	0xC4	remnant
func_003BFA18	0x003BFA18	0xDC	remnant
